INSERT INTO artists (id,name) VALUES
(1,'Imagine Dragons'),
(2,'Lady Gaga'),
(3,'Maroon5'),
(4,'ABBA'),
(5,'Shakira'),
(6,'Ed Sheeran'),
(7,'Иванушки Интернешнл'),
(8,'Руки Вверх'),
(9,'Michael Jackson'),
(10,'Coldplay'),
(11,'Green Day'),
(12,'Linkin Park'),
(13,'Звери'),
(14,'ЧайФ'),
(15,'Pink'),
(16,'Beyonce'),
(17,'Whitney Houston'),
(18,'Christina Aguilera'),
(19,'Frank Sinatra'),
(20,'Nat King Cole'),
(21,'Король и Шут'),
(22,'Сектор Газа'),
(23,'The Offspring'),
(24,'Rammstein'),
(25,'Кипелов');

INSERT INTO genres (id,name) VALUES 
(1,'Поп'),
(2,'Рок'),
(3,'R&B'),
(4,'Джаз'),
(5,'Панк'),
(6,'Металл');

INSERT INTO albums (id,title, year) VALUES 
(1,'Origins', 2018),
(2,'Evolve', 2017),
(3,'The Fame',2008),
(4,'Mayhem', 2025),
(5,'V', 2014),
(6,'It will not be soon before long', 2007),
(7,'Arrival', 1976),
(8,'Super Trouper',1980),
(9, 'Laundry Service',2001),
(10, 'Deluxe', 2020),
(11, 'Об этом я буду кричать всю ночь', 1999),
(12,'Маленькие девочки', 2001),
(13, 'Thriller', 1982),
(14, 'Dangerous', 1991),
(15, 'Viva La Vida or Death and All His Friend',2008),
(16,'American Idiot', 2004),
(17, 'Hybrid Theory', 2000),
(18, 'Районы-кварталы', 2004),
(19,'Давай вернёмся', 1992),
(20,'Missundaztood', 2001),
(21,'Crazy In Love', 2003),
(22, 'The Bodyguard: Original Soundtrack',1992),
(23,'Back to Basics',2006),
(24,'My Way',1969),
(25,'The World of Nat King Cole', 2005),
(26, 'Акустический альбом', 1995),
(27, 'Король и Шут', 1997),
(28, 'Газовая атака',1996),
(29, 'Conspiracy of One', 2000),
(30,'Sehnsucht', 1997),
(31, 'Смутное время', 1997),
(32, 'Путь наверх', 2003);

INSERT INTO collections (id, title, year) VALUES 
(1,'Поп-вечеринка', 2022),
(2, 'Hot Rock & Alternative Songs', 2018),
(3, 'Greatest 80s R&B Songs', 2020),
(4, 'Панк Революция', 2010),
(5, 'Best of Metal', 2021),
(6, 'Jazz For Lovers',2018);

INSERT  INTO tracks (id, title, track_time, id_album) VALUES 
(1,'Natural','0:3:10', 1),
(2, 'Thunder', '0:3:25', 2),
(3, 'Poker Face', '0:3:34',3),
(4,'Abracadabra','0:4:10',4),
(5, 'Moves like Jagger', '0:3:23',5),
(6, 'Animals','0:3:50',5),
(7, 'Wake Up Call','0:3:51',6),
(8, 'Dancing Queen', '0:3:53', 7),
(9,'The Winner Takes It All', '0:4:55', 8),
(10, 'Whenever, Wherever','0:3:17',9),
(11,'Shape of You','0:3:55',10),
(12,'Тополиный пух', '0:3:53',11),
(13,'18 мне уже', '0:4:27',12),
(14, 'Billie Jean','0:4:55',13),
(15, 'Black or White','0:6:22',14),
(16,'Viva La Vida','0:4:01',15),
(17,'Wake Me Up When September Ends','0:4:46',16),
(18,'American Idiot', '0:3:02',16),
(19,'In The End', '0:3:39',17),
(20, 'Районы-кварталы','0:3:25',18),
(21, 'Напитки покрепче', '0:4:03', 18),
(22, 'Никто не услышит', '0:4:20',19),
(23, 'Get the Party Started', '0:3:12',20),
(24, 'Crazy In Love', '0:3:54', 21),
(25, 'I Will Always Love You', '0:4:31',22),
(26, 'Candyman', '0:3:17', 23),
(27,'My Way', '0:4:36',24),
(28, 'LOVE','0:2:34',25),
(29, 'Кукла колдуна', '0:3:22',26),
(30, 'Лесник','0:2:25',27),
(31, 'Туман', '0:3:45',28),
(32, '30 лет', '0:4:10', 28),
(33, ' Want You Bad', '0:3:23',29),
(34, 'Du Hast', '0:3:55',30),
(35, 'Я свободен', '0:7:14', 31),
(36, 'Потерянный рай', '0:5:23',32);

INSERT INTO album_artists (id_album, id_artist) VALUES
(1,1),
(2,1),
(3,2),
(4,2),
(5,3),
(6,3),
(7,4),
(8,4),
(9,5),
(10,6),
(11,7),
(12,8),
(13,9),
(14,9),
(15,10),
(16,11),
(17,12),
(18,13),
(19,14),
(20,15),
(21,16),
(22,17),
(23,18),
(24,19),
(25,20),
(26,21),
(27,21),
(28,22),
(29,23),
(30,24),
(31,25),
(32,25);

INSERT INTO artist_genres (id_artist, id_genre) VALUES 
(1,1),
(1,2),
(2,1),
(3,1),
(3,2),
(4,1),
(5,1),
(6,1),
(7,1),
(8,1),
(9,1),
(10,2),
(11,2),
(12,2),
(13,1),
(13,2),
(14,2),
(15,2),
(16,3),
(17,3),
(18,1),
(18,3),
(19,4),
(20,4),
(21,5),
(22,5),
(23,5),
(24,6),
(25,6);

INSERT  INTO collection_tracks (id_track, id_collection) VALUES 
(1,1),
(1,2),
(2,1),
(2,2),
(3,1),
(4,1),
(5,1),
(6,1),
(6,2),
(7,1),
(8,1),
(9,1),
(10,1),
(11,1),
(12,1),
(13,1),
(14,1),
(15,1),
(16,2),
(17,2),
(18,2),
(19,2),
(20,1),
(20,2),
(21,1),
(21,2),
(22,2),
(23,2),
(24,3),
(25,3),
(26,1),
(26,3),
(27,6),
(28,6),
(29,4),
(30,4),
(31,4),
(32,4),
(33,4),
(34,5),
(35,5),
(36,5);